<?xml version="1.0" encoding="UTF-8" standalone="no"?>
<pack>
    <snippet attachedevent="true" class="scripts.SceneEvents_0" classname="scripts.SceneEvents_0" desc="Scene Specific Events" description="Scene Specific Events" design="true" drawOrder="0" id="0" name="SceneEvents_0" oid="-1" package="scripts." sceneid="0" shared="false" type="scene">
        <blocks/>
        <events/>
    </snippet>
    <snippet actorid="0" attachedevent="true" class="scripts.ActorEvents_0" classname="scripts.ActorEvents_0" desc="Actor Specific Events" description="Actor Specific Events" design="true" drawOrder="0" id="1" name="ActorEvents_0" oid="-1" package="scripts." shared="false" type="actor">
        <number default="0" defaultValue="0" desc="" dropdown="" fullname="х" hidden="false" id="1" name="_" order="0"/>
        <number default="0" defaultValue="0" desc="" dropdown="" fullname="н" hidden="false" id="2" name="_2" order="1"/>
        <number default="0.0" defaultValue="0.0" desc="" dropdown="" fullname="y" hidden="false" id="3" name="_y" order="2"/>
        <boolean default="false" defaultValue="false" desc="" dropdown="" fullname="choice" hidden="false" id="4" name="_choice" order="3"/>
        <number default="0" defaultValue="0" desc="" dropdown="" fullname="build" hidden="false" id="5" name="_build" order="4"/>
        <boolean default="false" defaultValue="false" desc="" dropdown="" fullname="town" hidden="false" id="6" name="_town" order="5"/>
        <boolean default="false" defaultValue="false" desc="" dropdown="" fullname="factory" hidden="false" id="7" name="_factory" order="6"/>
        <boolean default="false" defaultValue="false" desc="" dropdown="" fullname="box" hidden="false" id="8" name="_box" order="7"/>
        <blocks/>
        <events>
            <event displayName="Actor - Type" enabled="true" id="1" name="event-collide-actortotype" order="1" repeats="true"/>
            <event displayName="On Actor" enabled="true" id="4" name="event-mouse-enter-exit-actor" order="11" repeats="true"/>
            <event displayName="Actor - Type" enabled="true" id="5" name="event-collide-actortotype" order="13" repeats="true"/>
            <event displayName="Actor - Type" enabled="true" id="6" name="event-collide-actortotype" order="12" repeats="true"/>
            <event displayName="Updating" enabled="true" id="7" name="step" order="2" repeats="true"/>
            <event displayName="Updating" enabled="true" id="8" name="step" order="3" repeats="true"/>
        </events>
    </snippet>
    <snippet actorid="2" attachedevent="true" class="scripts.ActorEvents_2" classname="scripts.ActorEvents_2" desc="Actor Specific Events" description="Actor Specific Events" design="true" drawOrder="0" id="2" name="ActorEvents_2" oid="-1" package="scripts." shared="false" type="actor">
        <blocks/>
        <events>
            <event displayName="On Actor" enabled="true" id="1" name="event-mouse-enter-exit-actor" order="1" repeats="true"/>
            <event displayName="Created" enabled="true" id="2" name="init" order="2" repeats="true"/>
        </events>
    </snippet>
    <snippet actorid="4" attachedevent="true" class="scripts.ActorEvents_4" classname="scripts.ActorEvents_4" desc="Actor Specific Events" description="Actor Specific Events" design="true" drawOrder="0" id="3" name="ActorEvents_4" oid="-1" package="scripts." shared="false" type="actor">
        <boolean default="false" defaultValue="false" desc="" dropdown="" fullname="touch" hidden="false" id="1" name="_touch" order="0"/>
        <blocks/>
        <events>
            <event displayName="Created" enabled="true" id="1" name="init" order="1" repeats="true"/>
            <event displayName="On Actor" enabled="true" id="2" name="event-mouse-enter-exit-actor" order="2" repeats="true"/>
            <event displayName="Updating" enabled="true" id="3" name="step" order="3" repeats="true"/>
            <event displayName="On Actor" enabled="true" id="4" name="event-mouse-enter-exit-actor" order="4" repeats="true"/>
            <event displayName="On Actor" enabled="true" id="5" name="event-mouse-enter-exit-actor" order="5" repeats="true"/>
        </events>
    </snippet>
    <snippet actorid="6" attachedevent="true" class="scripts.ActorEvents_6" classname="scripts.ActorEvents_6" desc="Actor Specific Events" description="Actor Specific Events" design="true" drawOrder="0" id="4" name="ActorEvents_6" oid="-1" package="scripts." shared="false" type="actor">
        <blocks/>
        <events>
            <event displayName="Actor - Type" enabled="true" id="1" name="event-collide-actortotype" order="1" repeats="true"/>
            <event displayName="On Actor" enabled="true" id="2" name="event-mouse-enter-exit-actor" order="2" repeats="true"/>
            <event displayName="Created" enabled="true" id="3" name="init" order="3" repeats="true"/>
        </events>
    </snippet>
    <snippet actorid="8" attachedevent="true" class="scripts.ActorEvents_8" classname="scripts.ActorEvents_8" desc="Actor Specific Events" description="Actor Specific Events" design="true" drawOrder="0" id="5" name="ActorEvents_8" oid="-1" package="scripts." shared="false" type="actor">
        <blocks/>
        <events>
            <event displayName="On Actor" enabled="true" id="1" name="event-mouse-enter-exit-actor" order="1" repeats="true"/>
            <event displayName="Actor - Type" enabled="true" id="3" name="event-collide-actortotype" order="4" repeats="true"/>
            <event displayName="Actor - Type" enabled="true" id="4" name="event-collide-actortotype" order="2" repeats="true"/>
            <event displayName="Updating" enabled="true" id="5" name="step" order="5" repeats="true"/>
        </events>
    </snippet>
    <snippet attachedevent="false" class="scripts.Design_6_6_DragandDrop" classname="scripts.Design_6_6_DragandDrop" desc="Allows the actor to be dragged and dropped by the mouse." description="Allows the actor to be dragged and dropped by the mouse." design="true" drawOrder="0" id="6" name="Drag and Drop" oid="-1" package="scripts" shared="false" type="actor">
        <actor default="thisactor" defaultValue="thisactor" desc="" dropdown="" fullname="Actor" hidden="true" id="2147483647" name="actor" order="0"/>
        <boolean default="false" defaultValue="false" desc="" dropdown="" fullname="Grabbed" hidden="true" id="1" name="_Grabbed" order="1"/>
        <number default="0.0" defaultValue="0.0" desc="" dropdown="" fullname="X Offset" hidden="true" id="2" name="_XOffset" order="2"/>
        <number default="0.0" defaultValue="0.0" desc="" dropdown="" fullname="Y Offset" hidden="true" id="3" name="_YOffset" order="3"/>
        <number default="0" defaultValue="0" desc="" dropdown="" fullname="Old X" hidden="true" id="4" name="_OldX" order="4"/>
        <number default="0" defaultValue="0" desc="" dropdown="" fullname="Old Y" hidden="true" id="5" name="_OldY" order="5"/>
        <boolean default="true" defaultValue="true" desc="If selected the actor cannot be dragged off screen." dropdown="" fullname="Cannot Exit Screen" hidden="false" id="6" name="_CannotExitScreen" order="6"/>
        <blocks/>
        <events>
            <event displayName="Updated" enabled="true" id="2" name="step" order="3" repeats="true"/>
            <event displayName="Drawing" enabled="true" id="3" name="draw" order="4" repeats="true"/>
            <event displayName="Created" enabled="true" id="4" name="init" order="2" repeats="true"/>
        </events>
    </snippet>
    <snippet actorid="11" attachedevent="true" class="scripts.ActorEvents_11" classname="scripts.ActorEvents_11" desc="Actor Specific Events" description="Actor Specific Events" design="true" drawOrder="0" id="7" name="ActorEvents_11" oid="-1" package="scripts." shared="false" type="actor">
        <blocks/>
        <events>
            <event displayName="On Actor" enabled="true" id="1" name="event-mouse-enter-exit-actor" order="1" repeats="true"/>
            <event displayName="Actor - Type" enabled="true" id="3" name="event-collide-actortotype" order="3" repeats="true"/>
            <event displayName="Actor - Type" enabled="true" id="4" name="event-collide-actortotype" order="5" repeats="true"/>
            <event displayName="Updating" enabled="true" id="5" name="step" order="6" repeats="true"/>
        </events>
    </snippet>
    <snippet actorid="13" attachedevent="true" class="scripts.ActorEvents_13" classname="scripts.ActorEvents_13" desc="Actor Specific Events" description="Actor Specific Events" design="true" drawOrder="0" id="8" name="ActorEvents_13" oid="-1" package="scripts." shared="false" type="actor">
        <blocks/>
        <events>
            <event displayName="On Actor" enabled="true" id="1" name="event-mouse-enter-exit-actor" order="1" repeats="true"/>
            <event displayName="Actor - Type" enabled="true" id="3" name="event-collide-actortotype" order="4" repeats="true"/>
            <event displayName="Actor - Type" enabled="true" id="4" name="event-collide-actortotype" order="2" repeats="true"/>
            <event displayName="Updating" enabled="true" id="5" name="step" order="5" repeats="true"/>
        </events>
    </snippet>
    <snippet actorid="15" attachedevent="true" class="scripts.ActorEvents_15" classname="scripts.ActorEvents_15" desc="Actor Specific Events" description="Actor Specific Events" design="true" drawOrder="0" id="9" name="ActorEvents_15" oid="-1" package="scripts." shared="false" type="actor">
        <blocks/>
        <events>
            <event displayName="On Actor" enabled="true" id="1" name="event-mouse-enter-exit-actor" order="1" repeats="true"/>
            <event displayName="Actor - Type" enabled="true" id="3" name="event-collide-actortotype" order="4" repeats="true"/>
            <event displayName="Actor - Type" enabled="true" id="4" name="event-collide-actortotype" order="3" repeats="true"/>
            <event displayName="Updating" enabled="true" id="5" name="step" order="5" repeats="true"/>
        </events>
    </snippet>
    <snippet actorid="19" attachedevent="true" class="scripts.ActorEvents_19" classname="scripts.ActorEvents_19" desc="Actor Specific Events" description="Actor Specific Events" design="true" drawOrder="0" id="10" name="ActorEvents_19" oid="-1" package="scripts." shared="false" type="actor">
        <boolean default="false" defaultValue="false" desc="" dropdown="" fullname="choice" hidden="false" id="1" name="_choice" order="0"/>
        <boolean default="false" defaultValue="false" desc="" dropdown="" fullname="здоров" hidden="false" id="2" name="_" order="1"/>
        <boolean default="false" defaultValue="false" desc="" dropdown="" fullname="ранен" hidden="false" id="3" name="_2" order="2"/>
        <number default="0" defaultValue="0" desc="" dropdown="" fullname="luck" hidden="false" id="4" name="_luck" order="3"/>
        <blocks/>
        <events>
            <event displayName="Actor - Type" enabled="true" id="1" name="event-collide-actortotype" order="1" repeats="true"/>
            <event displayName="Created" enabled="true" id="3" name="init" order="7" repeats="true"/>
            <event displayName="Updating" enabled="true" id="4" name="step" order="5" repeats="true"/>
            <event displayName="Actor - Type" enabled="true" id="5" name="event-collide-actortotype" order="6" repeats="true"/>
            <event displayName="Updating" enabled="true" id="7" name="step" order="2" repeats="true"/>
            <event displayName="Updating" enabled="true" id="9" name="step" order="9" repeats="true"/>
            <event displayName="Updating" enabled="true" id="10" name="step" order="10" repeats="true"/>
        </events>
    </snippet>
    <snippet actorid="21" attachedevent="true" class="scripts.ActorEvents_21" classname="scripts.ActorEvents_21" desc="Actor Specific Events" description="Actor Specific Events" design="true" drawOrder="0" id="11" name="ActorEvents_21" oid="-1" package="scripts." shared="false" type="actor">
        <blocks/>
        <events>
            <event displayName="Updating" enabled="true" id="1" name="step" order="1" repeats="true"/>
            <event displayName="On Actor" enabled="true" id="2" name="event-mouse-enter-exit-actor" order="2" repeats="true"/>
            <event displayName="Actor - Type" enabled="true" id="3" name="event-collide-actortotype" order="3" repeats="true"/>
            <event displayName="Actor - Type" enabled="true" id="4" name="event-collide-actortotype" order="4" repeats="true"/>
        </events>
    </snippet>
    <snippet actorid="23" attachedevent="true" class="scripts.ActorEvents_23" classname="scripts.ActorEvents_23" desc="Actor Specific Events" description="Actor Specific Events" design="true" drawOrder="0" id="12" name="ActorEvents_23" oid="-1" package="scripts." shared="false" type="actor">
        <blocks/>
        <events>
            <event displayName="Updating" enabled="true" id="1" name="step" order="1" repeats="true"/>
            <event displayName="On Actor" enabled="true" id="2" name="event-mouse-enter-exit-actor" order="2" repeats="true"/>
            <event displayName="Actor - Type" enabled="true" id="3" name="event-collide-actortotype" order="3" repeats="true"/>
            <event displayName="Actor - Type" enabled="true" id="4" name="event-collide-actortotype" order="4" repeats="true"/>
        </events>
    </snippet>
    <snippet actorid="25" attachedevent="true" class="scripts.ActorEvents_25" classname="scripts.ActorEvents_25" desc="Actor Specific Events" description="Actor Specific Events" design="true" drawOrder="0" id="13" name="ActorEvents_25" oid="-1" package="scripts." shared="false" type="actor">
        <blocks/>
        <events>
            <event displayName="Updating" enabled="true" id="1" name="step" order="1" repeats="true"/>
            <event displayName="On Actor" enabled="true" id="2" name="event-mouse-enter-exit-actor" order="4" repeats="true"/>
            <event displayName="Actor - Type" enabled="true" id="3" name="event-collide-actortotype" order="2" repeats="true"/>
            <event displayName="Actor - Type" enabled="true" id="4" name="event-collide-actortotype" order="3" repeats="true"/>
        </events>
    </snippet>
    <snippet actorid="27" attachedevent="true" class="scripts.ActorEvents_27" classname="scripts.ActorEvents_27" desc="Actor Specific Events" description="Actor Specific Events" design="true" drawOrder="0" id="14" name="ActorEvents_27" oid="-1" package="scripts." shared="false" type="actor">
        <blocks/>
        <events>
            <event displayName="Updating" enabled="true" id="1" name="step" order="1" repeats="true"/>
            <event displayName="On Actor" enabled="true" id="2" name="event-mouse-enter-exit-actor" order="2" repeats="true"/>
            <event displayName="Actor - Type" enabled="true" id="3" name="event-collide-actortotype" order="3" repeats="true"/>
            <event displayName="Actor - Type" enabled="true" id="4" name="event-collide-actortotype" order="4" repeats="true"/>
        </events>
    </snippet>
    <snippet actorid="29" attachedevent="true" class="scripts.ActorEvents_29" classname="scripts.ActorEvents_29" desc="Actor Specific Events" description="Actor Specific Events" design="true" drawOrder="0" id="15" name="ActorEvents_29" oid="-1" package="scripts." shared="false" type="actor">
        <blocks/>
        <events>
            <event displayName="Created" enabled="true" id="1" name="init" order="1" repeats="true"/>
            <event displayName="Updating" enabled="true" id="2" name="step" order="2" repeats="true"/>
        </events>
    </snippet>
    <snippet actorid="31" attachedevent="true" class="scripts.ActorEvents_31" classname="scripts.ActorEvents_31" desc="Actor Specific Events" description="Actor Specific Events" design="true" drawOrder="0" id="16" name="ActorEvents_31" oid="-1" package="scripts." shared="false" type="actor">
        <blocks/>
        <events>
            <event displayName="Created" enabled="true" id="1" name="init" order="1" repeats="true"/>
        </events>
    </snippet>
    <snippet actorid="33" attachedevent="true" class="scripts.ActorEvents_33" classname="scripts.ActorEvents_33" desc="Actor Specific Events" description="Actor Specific Events" design="true" drawOrder="0" id="17" name="ActorEvents_33" oid="-1" package="scripts." shared="false" type="actor">
        <blocks/>
        <events>
            <event displayName="On Actor" enabled="true" id="1" name="event-mouse-enter-exit-actor" order="1" repeats="true"/>
            <event displayName="Updating" enabled="true" id="2" name="step" order="2" repeats="true"/>
        </events>
    </snippet>
    <snippet actorid="35" attachedevent="true" class="scripts.ActorEvents_35" classname="scripts.ActorEvents_35" desc="Actor Specific Events" description="Actor Specific Events" design="true" drawOrder="0" id="18" name="ActorEvents_35" oid="-1" package="scripts." shared="false" type="actor">
        <blocks/>
        <events>
            <event displayName="Created" enabled="true" id="1" name="init" order="1" repeats="true"/>
        </events>
    </snippet>
    <snippet actorid="37" attachedevent="true" class="scripts.ActorEvents_37" classname="scripts.ActorEvents_37" desc="Actor Specific Events" description="Actor Specific Events" design="true" drawOrder="0" id="19" name="ActorEvents_37" oid="-1" package="scripts." shared="false" type="actor">
        <blocks/>
        <events>
            <event displayName="Created" enabled="true" id="1" name="init" order="1" repeats="true"/>
        </events>
    </snippet>
    <snippet actorid="39" attachedevent="true" class="scripts.ActorEvents_39" classname="scripts.ActorEvents_39" desc="Actor Specific Events" description="Actor Specific Events" design="true" drawOrder="0" id="20" name="ActorEvents_39" oid="-1" package="scripts." shared="false" type="actor">
        <blocks/>
        <events>
            <event displayName="On Actor" enabled="true" id="1" name="event-mouse-enter-exit-actor" order="1" repeats="true"/>
            <event displayName="Updating" enabled="true" id="2" name="step" order="2" repeats="true"/>
        </events>
    </snippet>
    <snippet actorid="41" attachedevent="true" class="scripts.ActorEvents_41" classname="scripts.ActorEvents_41" desc="Actor Specific Events" description="Actor Specific Events" design="true" drawOrder="0" id="21" name="ActorEvents_41" oid="-1" package="scripts." shared="false" type="actor">
        <blocks/>
        <events>
            <event displayName="Updating" enabled="true" id="1" name="step" order="1" repeats="true"/>
            <event displayName="On Actor" enabled="true" id="2" name="event-mouse-enter-exit-actor" order="2" repeats="true"/>
        </events>
    </snippet>
    <snippet actorid="43" attachedevent="true" class="scripts.ActorEvents_43" classname="scripts.ActorEvents_43" desc="Actor Specific Events" description="Actor Specific Events" design="true" drawOrder="0" id="22" name="ActorEvents_43" oid="-1" package="scripts." shared="false" type="actor">
        <blocks/>
        <events>
            <event displayName="On Actor" enabled="true" id="1" name="event-mouse-enter-exit-actor" order="1" repeats="true"/>
            <event displayName="Updating" enabled="true" id="2" name="step" order="2" repeats="true"/>
        </events>
    </snippet>
    <snippet attachedevent="false" class="scripts.Design_23_23_FollowTarget" classname="scripts.Design_23_23_FollowTarget" desc="Make the actor follow a given actor." description="Make the actor follow a given actor." design="true" drawOrder="0" id="23" name="Follow Target" oid="-1" package="scripts" shared="false" type="actor">
        <actor default="thisactor" defaultValue="thisactor" desc="" dropdown="" fullname="Actor" hidden="true" id="2147483647" name="actor" order="0"/>
        <actor default="" defaultValue="" desc="The target actor this actor will follow. &lt;br /&gt;&#10;If the target actor is unset or dead this behavior will do nothing." dropdown="" fullname="Target Actor" hidden="false" id="1" name="_TargetActor" order="7"/>
        <number default="0.0" defaultValue="0.0" desc="" dropdown="" fullname="Distance X" hidden="true" id="2" name="_DistanceX" order="1"/>
        <number default="0.0" defaultValue="0.0" desc="" dropdown="" fullname="Distance Y" hidden="true" id="3" name="_DistanceY" order="2"/>
        <number default="0.0" defaultValue="0.0" desc="" dropdown="" fullname="Distance" hidden="true" id="4" name="_Distance" order="3"/>
        <number default="0.0" defaultValue="0.0" desc="" dropdown="" fullname="Direction" hidden="true" id="5" name="_Direction" order="4"/>
        <number default="30.0" defaultValue="30.0" desc="The speed to move towards the target." dropdown="" fullname="Speed" hidden="false" id="6" name="_Speed" order="8"/>
        <number default="0.0" defaultValue="0.0" desc="The actor will not move closer to the target than this value." dropdown="" fullname="Margin" hidden="false" id="7" name="_Margin" order="9"/>
        <boolean default="true" defaultValue="true" desc="If selected, the actor will move faster if farther away from the target and slower if closer to to the target.&lt;br /&gt;&#10;If unselected, the actor will move towards the target at a constant speed as specified in the &lt;var&gt;Speed&lt;/var&gt; attribute." dropdown="" fullname="Easing" hidden="false" id="8" name="_Easing" order="11"/>
        <number default="5.0" defaultValue="5.0" desc="Only used when &lt;var&gt;Easing&lt;/var&gt; is selected.&lt;br /&gt;&#10;The actor will move at least at this speed. The actual speed depends on the distance to the target. The maximum speed is &lt;var&gt;Minimum Easing Speed&lt;/var&gt; plus &lt;var&gt;Speed&lt;/var&gt;. The actor will move at maximum speed if it is in the opposite diagonal corner of the target." dropdown="" fullname="Minimum Easing Speed" hidden="false" id="9" name="_MinimumEasingSpeed" order="12"/>
        <number default="0.0" defaultValue="0.0" desc="" dropdown="" fullname="Screen Diagonal" hidden="true" id="10" name="_ScreenDiagonal" order="5"/>
        <boolean default="true" defaultValue="true" desc="If selected, the actor will stop moving when colliding with the target actor.&lt;br /&gt;&#10;If unselected, the actor will instead continue to  and push the target around." dropdown="" fullname="Stop when Colliding" hidden="false" id="11" name="_StopwhenColliding" order="10"/>
        <boolean default="false" defaultValue="false" desc="" dropdown="" fullname="Collided" hidden="true" id="12" name="_Collided" order="6"/>
        <blocks/>
        <events>
            <event displayName="Updated" enabled="true" id="1" name="step" order="2" repeats="true"/>
            <event displayName="Created" enabled="true" id="2" name="init" order="1" repeats="true"/>
            <event displayName="Actor - Any" enabled="true" id="3" name="event-collide-actor" order="3" repeats="true"/>
        </events>
    </snippet>
</pack>
