<?xml version="1.0" encoding="UTF-8" standalone="no"?>
<pack>
    <actor adamp="0.0" ascale="true" atlasID="0" bodytype="0" continuous="true" desc="" eventsnippetid="20" fixedrot="false" fric="0.2" gid="3" id="39" ignoreg="false" inertia="1.0" ldamp="0.0" mass="1.0" name="attak1" oid="-1" pausable="true" physicsMode="0" rest="0.0" shared="false" sprite="40" static="true">
        <snippets/>
    </actor>
    <sprite atlasID="0" default="0" defaultAnimation="0" desc="" height="39" id="40" name="attak1" shared="false" width="39">
        <anim across="1" down="1" durations="100" height="39" id="0" loop="true" name="Анимация 0" numframes="1" originx="19" originy="19" sync="false" version="2" width="39">
            <poly data="4,0,0,39,0,39,39,0,39" density="0.1" fric="0.2" gid="-1000" id="0" name="Анимация 0" rest="0.0" sensor="true"/>
        </anim>
    </sprite>
    <actor adamp="0.0" ascale="true" atlasID="0" bodytype="0" continuous="true" desc="" eventsnippetid="21" fixedrot="false" fric="0.2" gid="3" id="41" ignoreg="false" inertia="1.0" ldamp="0.0" mass="1.0" name="attak2" oid="-1" pausable="true" physicsMode="0" rest="0.0" shared="false" sprite="42" static="true">
        <snippets/>
    </actor>
    <sprite atlasID="0" default="0" defaultAnimation="0" desc="" height="39" id="42" name="attak2" shared="false" width="39">
        <anim across="1" down="1" durations="100" height="39" id="0" loop="true" name="Анимация 0" numframes="1" originx="19" originy="19" sync="false" version="2" width="39">
            <poly data="4,0,0,39,0,39,39,0,39" density="0.1" fric="0.2" gid="-1000" id="0" name="Анимация 0" rest="0.0" sensor="true"/>
        </anim>
    </sprite>
    <actor adamp="0.0" ascale="true" atlasID="0" bodytype="0" continuous="true" desc="" eventsnippetid="22" fixedrot="false" fric="0.2" gid="3" id="43" ignoreg="false" inertia="1.0" ldamp="0.0" mass="1.0" name="attak3" oid="-1" pausable="true" physicsMode="0" rest="0.0" shared="false" sprite="44" static="true">
        <snippets/>
    </actor>
    <sprite atlasID="0" default="0" defaultAnimation="0" desc="" height="39" id="44" name="attak3" shared="false" width="39">
        <anim across="1" down="1" durations="100" height="39" id="0" loop="true" name="Анимация 0" numframes="1" originx="19" originy="19" sync="false" version="2" width="39">
            <poly data="4,0,0,39,0,39,39,0,39" density="0.1" fric="0.2" gid="-1000" id="0" name="Анимация 0" rest="0.0" sensor="true"/>
        </anim>
    </sprite>
    <actor adamp="0.0" ascale="true" atlasID="0" bodytype="0" continuous="true" desc="" eventsnippetid="17" fixedrot="false" fric="0.2" gid="3" id="33" ignoreg="false" inertia="1.0" ldamp="0.0" mass="1.0" name="attak4" oid="-1" pausable="true" physicsMode="0" rest="0.0" shared="false" sprite="34" static="true">
        <snippets/>
    </actor>
    <sprite atlasID="0" default="0" defaultAnimation="0" desc="" height="39" id="34" name="attak4" shared="false" width="39">
        <anim across="1" down="1" durations="100" height="39" id="0" loop="true" name="Анимация 0" numframes="1" originx="19" originy="19" sync="false" version="2" width="39">
            <poly data="4,0,0,39,0,39,39,0,39" density="0.1" fric="0.2" gid="-1000" id="0" name="Анимация 0" rest="0.0" sensor="true"/>
        </anim>
    </sprite>
    <actor adamp="0.0" ascale="true" atlasID="0" bodytype="2" continuous="true" desc="" eventsnippetid="3" fixedrot="true" fric="0.2" gid="3" id="4" ignoreg="true" inertia="1.0" ldamp="0.0" mass="1.0" name="box" oid="-1" pausable="true" physicsMode="0" rest="0.0" shared="false" sprite="5" static="false">
        <snippets>
            <s enabled="false" id="6">
                <prop id="2147483647" list="0" val="thisactor"/>
                <prop id="1" list="0" val="false"/>
                <prop id="2" list="0" val="0.0"/>
                <prop id="3" list="0" val="0.0"/>
                <prop id="4" list="0" val="0"/>
                <prop id="5" list="0" val="0"/>
                <prop id="6" list="0" val="true"/>
            </s>
        </snippets>
    </actor>
    <sprite atlasID="0" default="0" defaultAnimation="0" desc="" height="14" id="5" name="box" shared="false" width="14">
        <anim across="1" down="1" durations="100" height="14" id="0" loop="true" name="0" numframes="1" originx="7" originy="7" sync="false" version="2" width="14">
            <poly data="4,0,0,14,0,14,14,0,14" density="0.1" fric="0.2" gid="-1000" id="0" name="Квадрат " rest="0.0" sensor="true"/>
        </anim>
    </sprite>
    <actor adamp="0.0" ascale="true" atlasID="0" bodytype="2" continuous="true" desc="" eventsnippetid="1" fixedrot="true" fric="0.0" gid="3" id="0" ignoreg="true" inertia="1.0" ldamp="0.0" mass="1.0" name="civblue" oid="-1" pausable="true" physicsMode="0" rest="0.0" shared="false" sprite="1" static="false">
        <snippets/>
    </actor>
    <sprite atlasID="0" default="0" defaultAnimation="0" desc="" height="39" id="1" name="civblue" shared="false" width="39">
        <anim across="5" down="5" durations="300,300,300,300,300,300,300,300,300,300,300,300,300,300,300,300,300,300,300,300,300,300,300,300" height="195" id="0" loop="true" name="0" numframes="24" originx="19" originy="19" sync="false" version="2" width="195">
            <poly data="4,0,0,39,0,39,39,0,39" density="0.1" fric="0.2" gid="-1000" id="0" name="0" rest="0.0" sensor="true"/>
        </anim>
        <anim across="2" down="2" durations="200,200,200,200" height="78" id="1" loop="true" name="1" numframes="4" originx="19" originy="19" sync="false" version="2" width="78">
            <poly data="4,0,0,39,0,39,39,0,39" density="0.1" fric="0.2" gid="-1000" id="0" name="1" rest="0.0" sensor="false"/>
        </anim>
        <anim across="2" down="2" durations="200,200,200,200" height="78" id="2" loop="true" name="2" numframes="4" originx="19" originy="19" sync="false" version="2" width="78">
            <poly data="4,0,0,39,0,39,39,0,39" density="0.1" fric="0.2" gid="-1000" id="0" name="1" rest="0.0" sensor="false"/>
        </anim>
        <anim across="2" down="2" durations="200,200,200,200" height="78" id="3" loop="true" name="3" numframes="4" originx="19" originy="19" sync="false" version="2" width="78">
            <poly data="4,0,0,39,0,39,39,0,39" density="0.1" fric="0.2" gid="-1000" id="0" name="1" rest="0.0" sensor="false"/>
        </anim>
        <anim across="2" down="2" durations="200,200,200,200" height="78" id="4" loop="true" name="4" numframes="4" originx="19" originy="19" sync="false" version="2" width="78">
            <poly data="4,0,0,39,0,39,39,0,39" density="0.1" fric="0.2" gid="-1000" id="0" name="1" rest="0.0" sensor="false"/>
        </anim>
    </sprite>
    <actor adamp="0.0" ascale="true" atlasID="0" bodytype="0" continuous="true" desc="" eventsnippetid="16" fixedrot="false" fric="0.2" gid="3" id="31" ignoreg="false" inertia="1.0" ldamp="0.0" mass="1.0" name="deadbc" oid="-1" pausable="true" physicsMode="0" rest="0.0" shared="false" sprite="32" static="true">
        <snippets/>
    </actor>
    <sprite atlasID="0" default="0" defaultAnimation="0" desc="" height="40" id="32" name="deadbc" shared="false" width="39">
        <anim across="2" down="2" durations="200,200,3000" height="80" id="0" loop="false" name="Анимация 0" numframes="3" originx="19" originy="20" sync="false" version="2" width="78">
            <poly data="4,0,0,39,0,39,40,0,40" density="0.1" fric="0.2" gid="-1000" id="0" name="Анимация 0" rest="0.0" sensor="true"/>
        </anim>
    </sprite>
    <actor adamp="0.0" ascale="true" atlasID="0" bodytype="0" continuous="true" desc="" eventsnippetid="2" fixedrot="false" fric="0.2" gid="3" id="2" ignoreg="false" inertia="1.0" ldamp="0.0" mass="1.0" name="factory" oid="-1" pausable="true" physicsMode="0" rest="0.0" shared="false" sprite="3" static="true">
        <snippets/>
    </actor>
    <sprite atlasID="0" default="0" defaultAnimation="0" desc="" height="39" id="3" name="factory" shared="false" width="39">
        <anim across="3" down="3" durations="100,100,100,100,100,100,100,5000" height="117" id="0" loop="false" name="0" numframes="8" originx="19" originy="19" sync="false" version="2" width="117">
            <poly data="4,0,0,39,0,39,39,0,39" density="0.1" fric="0.2" gid="-1000" id="0" name="0" rest="0.0" sensor="true"/>
        </anim>
    </sprite>
    <actor adamp="0.0" ascale="true" atlasID="0" bodytype="0" continuous="true" desc="" eventsnippetid="15" fixedrot="false" fric="0.2" gid="3" id="29" ignoreg="false" inertia="1.0" ldamp="0.0" mass="1.0" name="hit" oid="-1" pausable="true" physicsMode="0" rest="0.0" shared="false" sprite="30" static="true">
        <snippets/>
    </actor>
    <sprite atlasID="0" default="1" defaultAnimation="1" desc="" height="39" id="30" name="hit" shared="false" width="39">
        <anim across="3" down="2" durations="100,100,100,100,100,100" height="78" id="0" loop="true" name="4" numframes="6" originx="19" originy="19" sync="false" version="2" width="117">
            <poly data="4,0,0,39,0,39,39,0,39" density="0.1" fric="0.2" gid="-1000" id="0" name="Анимация 0" rest="0.0" sensor="true"/>
        </anim>
        <anim across="3" down="2" durations="100,100,100,100,100,100" height="78" id="1" loop="true" name="1" numframes="6" originx="19" originy="19" sync="false" version="2" width="117">
            <poly data="4,0,0,39,0,39,39,0,39" density="0.1" fric="0.2" gid="-1000" id="0" name="Анимация 1" rest="0.0" sensor="false"/>
        </anim>
        <anim across="3" down="2" durations="100,100,100,100,100,100" height="78" id="2" loop="true" name="2" numframes="6" originx="19" originy="19" sync="false" version="2" width="117">
            <poly data="4,0,0,39,0,39,39,0,39" density="0.1" fric="0.2" gid="-1000" id="0" name="Анимация 2" rest="0.0" sensor="false"/>
        </anim>
        <anim across="3" down="2" durations="100,100,100,100,100,100" height="78" id="3" loop="true" name="3" numframes="6" originx="19" originy="19" sync="false" version="2" width="117">
            <poly data="4,0,0,39,0,39,39,0,39" density="0.1" fric="0.2" gid="-1000" id="0" name="Анимация 3" rest="0.0" sensor="false"/>
        </anim>
    </sprite>
    <actor adamp="0.0" ascale="true" atlasID="0" bodytype="0" continuous="true" desc="" eventsnippetid="9" fixedrot="true" fric="0.2" gid="3" id="15" ignoreg="true" inertia="1.0" ldamp="0.0" mass="1.0" name="movedown" oid="-1" pausable="true" physicsMode="0" rest="0.0" shared="false" sprite="16" static="true">
        <snippets/>
    </actor>
    <sprite atlasID="0" default="0" defaultAnimation="0" desc="" height="39" id="16" name="movedown" shared="false" width="39">
        <anim across="1" down="1" durations="100" height="39" id="0" loop="true" name="0" numframes="1" originx="19" originy="19" sync="false" version="2" width="39">
            <poly data="4,0,0,39,0,39,39,0,39" density="0.1" fric="0.2" gid="-1000" id="0" name="0" rest="0.0" sensor="true"/>
        </anim>
    </sprite>
    <actor adamp="0.0" ascale="true" atlasID="0" bodytype="0" continuous="true" desc="" eventsnippetid="14" fixedrot="false" fric="0.2" gid="3" id="27" ignoreg="false" inertia="1.0" ldamp="0.0" mass="1.0" name="movedownsb" oid="-1" pausable="true" physicsMode="0" rest="0.0" shared="false" sprite="28" static="true">
        <snippets/>
    </actor>
    <sprite atlasID="0" default="0" defaultAnimation="0" desc="" height="39" id="28" name="movedownsb" shared="false" width="39">
        <anim across="1" down="1" durations="100" height="39" id="0" loop="true" name="Анимация 0" numframes="1" originx="19" originy="19" sync="false" version="2" width="39">
            <poly data="4,0,0,39,0,39,39,0,39" density="0.1" fric="0.2" gid="-1000" id="0" name="Анимация 0" rest="0.0" sensor="true"/>
        </anim>
    </sprite>
    <actor adamp="0.0" ascale="true" atlasID="0" bodytype="0" continuous="true" desc="" eventsnippetid="8" fixedrot="true" fric="0.2" gid="3" id="13" ignoreg="true" inertia="1.0" ldamp="0.0" mass="1.0" name="moveleft" oid="-1" pausable="true" physicsMode="0" rest="0.0" shared="false" sprite="14" static="true">
        <snippets/>
    </actor>
    <sprite atlasID="0" default="0" defaultAnimation="0" desc="" height="39" id="14" name="moveleft" shared="false" width="39">
        <anim across="1" down="1" durations="100" height="39" id="0" loop="true" name="Анимация 0" numframes="1" originx="19" originy="19" sync="false" version="2" width="39">
            <poly data="4,0,0,39,0,39,39,0,39" density="0.1" fric="0.2" gid="-1000" id="0" name="Анимация 0" rest="0.0" sensor="true"/>
        </anim>
    </sprite>
    <actor adamp="0.0" ascale="true" atlasID="0" bodytype="0" continuous="true" desc="" eventsnippetid="12" fixedrot="false" fric="0.2" gid="3" id="23" ignoreg="false" inertia="1.0" ldamp="0.0" mass="1.0" name="moveleftsb" oid="-1" pausable="true" physicsMode="0" rest="0.0" shared="false" sprite="24" static="true">
        <snippets/>
    </actor>
    <sprite atlasID="0" default="0" defaultAnimation="0" desc="" height="39" id="24" name="moveleftsb" shared="false" width="39">
        <anim across="1" down="1" durations="100" height="39" id="0" loop="true" name="Анимация 0" numframes="1" originx="19" originy="19" sync="false" version="2" width="39">
            <poly data="4,0,0,39,0,39,39,0,39" density="0.1" fric="0.2" gid="-1000" id="0" name="Анимация 0" rest="0.0" sensor="true"/>
        </anim>
    </sprite>
    <actor adamp="0.0" ascale="true" atlasID="0" bodytype="2" continuous="true" desc="" eventsnippetid="5" fixedrot="true" fric="0.2" gid="3" id="8" ignoreg="true" inertia="1.0" ldamp="0.0" mass="1.0" name="moveright" oid="-1" pausable="true" physicsMode="0" rest="0.0" shared="false" sprite="9" static="false">
        <snippets/>
    </actor>
    <sprite atlasID="0" default="0" defaultAnimation="0" desc="" height="39" id="9" name="moveright" shared="false" width="39">
        <anim across="1" down="1" durations="100" height="39" id="0" loop="true" name="Анимация 0" numframes="1" originx="19" originy="19" sync="false" version="2" width="39">
            <poly data="4,0,0,39,0,39,39,0,39" density="0.1" fric="0.2" gid="-1000" id="0" name="Анимация 0" rest="0.0" sensor="true"/>
        </anim>
    </sprite>
    <actor adamp="0.0" ascale="true" atlasID="0" bodytype="0" continuous="true" desc="" eventsnippetid="11" fixedrot="false" fric="0.2" gid="3" id="21" ignoreg="false" inertia="1.0" ldamp="0.0" mass="1.0" name="moverightsb" oid="-1" pausable="true" physicsMode="0" rest="0.0" shared="false" sprite="22" static="true">
        <snippets/>
    </actor>
    <sprite atlasID="0" default="0" defaultAnimation="0" desc="" height="39" id="22" name="moverightsb" shared="false" width="39">
        <anim across="1" down="1" durations="100" height="39" id="0" loop="true" name="Анимация 0" numframes="1" originx="19" originy="19" sync="false" version="2" width="39">
            <poly data="4,0,0,39,0,39,39,0,39" density="0.1" fric="0.2" gid="-1000" id="0" name="Анимация 0" rest="0.0" sensor="true"/>
        </anim>
    </sprite>
    <actor adamp="0.0" ascale="true" atlasID="0" bodytype="0" continuous="true" desc="" eventsnippetid="7" fixedrot="true" fric="0.2" gid="3" id="11" ignoreg="false" inertia="1.0" ldamp="0.0" mass="1.0" name="moveup" oid="-1" pausable="true" physicsMode="0" rest="0.0" shared="false" sprite="12" static="true">
        <snippets/>
    </actor>
    <sprite atlasID="0" default="0" defaultAnimation="0" desc="" height="39" id="12" name="moveup" shared="false" width="39">
        <anim across="1" down="1" durations="100" height="39" id="0" loop="true" name="0" numframes="1" originx="19" originy="19" sync="false" version="2" width="39">
            <poly data="4,0,0,39,0,39,39,0,39" density="0.1" fric="0.2" gid="-1000" id="0" name="0" rest="0.0" sensor="false"/>
        </anim>
    </sprite>
    <actor adamp="0.0" ascale="true" atlasID="0" bodytype="0" continuous="true" desc="" eventsnippetid="13" fixedrot="false" fric="0.2" gid="3" id="25" ignoreg="false" inertia="1.0" ldamp="0.0" mass="1.0" name="moveupsb" oid="-1" pausable="true" physicsMode="0" rest="0.0" shared="false" sprite="26" static="true">
        <snippets/>
    </actor>
    <sprite atlasID="0" default="0" defaultAnimation="0" desc="" height="39" id="26" name="moveupsb" shared="false" width="39">
        <anim across="1" down="1" durations="100" height="39" id="0" loop="true" name="Анимация 0" numframes="1" originx="19" originy="19" sync="false" version="2" width="39">
            <poly data="4,0,0,39,0,39,39,0,39" density="0.1" fric="0.2" gid="-1000" id="0" name="Анимация 0" rest="0.0" sensor="true"/>
        </anim>
    </sprite>
    <actor adamp="0.0" ascale="true" atlasID="0" bodytype="0" continuous="true" desc="" eventsnippetid="18" fixedrot="false" fric="0.2" gid="3" id="35" ignoreg="false" inertia="1.0" ldamp="0.0" mass="1.0" name="sbdead1" oid="-1" pausable="true" physicsMode="0" rest="0.0" shared="false" sprite="36" static="true">
        <snippets/>
    </actor>
    <sprite atlasID="0" default="0" defaultAnimation="0" desc="" height="40" id="36" name="sbdead1" shared="false" width="39">
        <anim across="2" down="2" durations="200,200,3000" height="80" id="0" loop="false" name="Анимация 0" numframes="3" originx="19" originy="20" sync="false" version="2" width="78">
            <poly data="4,0,0,39,0,39,40,0,40" density="0.1" fric="0.2" gid="-1000" id="0" name="Анимация 0" rest="0.0" sensor="true"/>
        </anim>
    </sprite>
    <actor adamp="0.0" ascale="true" atlasID="0" bodytype="0" continuous="true" desc="" eventsnippetid="19" fixedrot="false" fric="0.2" gid="3" id="37" ignoreg="false" inertia="1.0" ldamp="0.0" mass="1.0" name="sbdead2" oid="-1" pausable="true" physicsMode="0" rest="0.0" shared="false" sprite="38" static="true">
        <snippets/>
    </actor>
    <sprite atlasID="0" default="0" defaultAnimation="0" desc="" height="40" id="38" name="sbdead2" shared="false" width="39">
        <anim across="2" down="2" durations="200,200,3000" height="80" id="0" loop="false" name="Анимация 0" numframes="3" originx="19" originy="20" sync="false" version="2" width="78">
            <poly data="4,0,0,39,0,39,40,0,40" density="0.1" fric="0.2" gid="-1000" id="0" name="Анимация 0" rest="0.0" sensor="true"/>
        </anim>
    </sprite>
    <actor adamp="0.0" ascale="true" atlasID="0" bodytype="2" continuous="true" desc="" eventsnippetid="10" fixedrot="true" fric="0.2" gid="3" id="19" ignoreg="true" inertia="1.0" ldamp="0.0" mass="1.0" name="solgblue" oid="-1" pausable="true" physicsMode="0" rest="0.0" shared="false" sprite="20" static="false">
        <snippets/>
    </actor>
    <sprite atlasID="0" default="0" defaultAnimation="0" desc="" height="39" id="20" name="solgblue" shared="false" width="39">
        <anim across="3" down="3" durations="300,300,300,300,300,300,300,300" height="117" id="0" loop="true" name="0" numframes="8" originx="19" originy="19" sync="false" version="2" width="117">
            <poly data="4,0,0,39,0,39,39,0,39" density="0.1" fric="0.2" gid="-1000" id="0" name="0" rest="0.0" sensor="true"/>
        </anim>
        <anim across="2" down="2" durations="200,200,200,200" height="78" id="1" loop="true" name="1" numframes="4" originx="19" originy="19" sync="false" version="2" width="78">
            <poly data="4,0,0,39,0,39,39,0,39" density="0.1" fric="0.2" gid="-1000" id="0" name="Анимация 1" rest="0.0" sensor="false"/>
        </anim>
        <anim across="2" down="2" durations="200,200,200,200" height="78" id="2" loop="true" name="2" numframes="4" originx="19" originy="19" sync="false" version="2" width="78">
            <poly data="4,0,0,39,0,39,39,0,39" density="0.1" fric="0.2" gid="-1000" id="0" name="Анимация 2" rest="0.0" sensor="false"/>
        </anim>
        <anim across="2" down="2" durations="200,200,200,200" height="78" id="3" loop="true" name="3" numframes="4" originx="19" originy="19" sync="false" version="2" width="78">
            <poly data="4,0,0,39,0,39,39,0,39" density="0.1" fric="0.2" gid="-1000" id="0" name="Анимация 2" rest="0.0" sensor="false"/>
        </anim>
        <anim across="2" down="2" durations="200,200,200,200" height="78" id="4" loop="true" name="4" numframes="4" originx="19" originy="19" sync="false" version="2" width="78">
            <poly data="4,0,0,39,0,39,39,0,39" density="0.1" fric="0.2" gid="-1000" id="0" name="Анимация 2" rest="0.0" sensor="false"/>
        </anim>
        <anim across="3" down="3" durations="200,200,200,200,200,200,200,200" height="117" id="5" loop="true" name="00" numframes="8" originx="19" originy="19" sync="false" version="2" width="117">
            <poly data="4,0,0,39,0,39,39,0,39" density="0.1" fric="0.2" gid="-1000" id="0" name="Анимация 5" rest="0.0" sensor="true"/>
        </anim>
        <anim across="2" down="2" durations="200,200,200,200" height="78" id="6" loop="true" name="11" numframes="4" originx="19" originy="19" sync="false" version="2" width="78">
            <poly data="4,0,0,39,0,39,39,0,39" density="0.1" fric="0.2" gid="-1000" id="0" name="11" rest="0.0" sensor="false"/>
        </anim>
        <anim across="2" down="2" durations="200,200,200,200" height="78" id="7" loop="true" name="22" numframes="4" originx="19" originy="19" sync="false" version="2" width="78">
            <poly data="4,0,0,39,0,39,39,0,39" density="0.1" fric="0.2" gid="-1000" id="0" name="22" rest="0.0" sensor="false"/>
        </anim>
        <anim across="2" down="2" durations="200,200,200,200" height="78" id="8" loop="true" name="33" numframes="4" originx="19" originy="19" sync="false" version="2" width="78">
            <poly data="4,0,0,39,0,39,39,0,39" density="0.1" fric="0.2" gid="-1000" id="0" name="22" rest="0.0" sensor="false"/>
        </anim>
        <anim across="2" down="2" durations="200,200,200,200" height="78" id="9" loop="true" name="44" numframes="4" originx="19" originy="19" sync="false" version="2" width="78">
            <poly data="4,0,0,39,0,39,39,0,39" density="0.1" fric="0.2" gid="-1000" id="0" name="22" rest="0.0" sensor="false"/>
        </anim>
        <anim across="4" down="3" durations="100,100,200,100,100,100,100,100,100,100,100" height="117" id="10" loop="true" name="111" numframes="11" originx="19" originy="19" sync="false" version="2" width="156">
            <poly data="4,0,0,39,0,39,39,0,39" density="0.1" fric="0.2" gid="-1000" id="0" name="Анимация 10" rest="0.0" sensor="false"/>
        </anim>
        <anim across="4" down="3" durations="100,100,100,100,100,100,100,100,100,100,100" height="117" id="11" loop="true" name="222" numframes="11" originx="19" originy="19" sync="false" version="2" width="156">
            <poly data="4,0,0,39,0,39,39,0,39" density="0.1" fric="0.2" gid="-1000" id="0" name="Анимация 10" rest="0.0" sensor="false"/>
        </anim>
        <anim across="4" down="3" durations="100,100,100,100,100,100,100,100,100,100,100" height="117" id="13" loop="true" name="444" numframes="11" originx="19" originy="19" sync="false" version="2" width="156">
            <poly data="4,0,0,39,0,39,39,0,39" density="0.1" fric="0.2" gid="-1000" id="0" name="Анимация 10" rest="0.0" sensor="false"/>
        </anim>
        <anim across="4" down="3" durations="100,100,100,100,100,100,100,100,100,100,100" height="117" id="14" loop="true" name="333" numframes="11" originx="19" originy="19" sync="false" version="2" width="156">
            <poly data="4,0,0,39,0,39,39,0,39" density="0.1" fric="0.2" gid="-1000" id="0" name="Анимация 10" rest="0.0" sensor="false"/>
        </anim>
        <anim across="4" down="3" durations="100,100,100,100,100,100,100,100,100,100,100" height="117" id="15" loop="true" name="1111" numframes="11" originx="19" originy="19" sync="false" version="2" width="156">
            <poly data="4,0,0,39,0,39,39,0,39" density="0.1" fric="0.2" gid="-1000" id="0" name="1111" rest="0.0" sensor="false"/>
        </anim>
        <anim across="4" down="3" durations="100,100,100,100,100,100,100,100,100,100,100" height="117" id="16" loop="true" name="2222" numframes="11" originx="19" originy="19" sync="false" version="2" width="156">
            <poly data="4,0,0,39,0,39,39,0,39" density="0.1" fric="0.2" gid="-1000" id="0" name="1111" rest="0.0" sensor="false"/>
        </anim>
        <anim across="4" down="3" durations="100,100,100,100,100,100,100,100,100,100,100" height="117" id="17" loop="true" name="4444" numframes="11" originx="19" originy="19" sync="false" version="2" width="156">
            <poly data="4,0,0,39,0,39,39,0,39" density="0.1" fric="0.2" gid="-1000" id="0" name="1111" rest="0.0" sensor="false"/>
        </anim>
        <anim across="4" down="3" durations="100,100,100,100,100,100,100,100,100,100,100" height="117" id="18" loop="true" name="3333" numframes="11" originx="19" originy="19" sync="false" version="2" width="156">
            <poly data="4,0,0,39,0,39,39,0,39" density="0.1" fric="0.2" gid="-1000" id="0" name="1111" rest="0.0" sensor="false"/>
        </anim>
    </sprite>
    <tileset across="2" atlasID="0" desc="" down="1" id="18" name="tiles" oid="-1" shared="false" th="40" tw="40">
        <tile collision="-1" data="" durations="100" frames="0" id="0" order="-1"/>
        <tile collision="-1" data="" durations="100" frames="1" id="1" order="-1"/>
    </tileset>
    <tileset across="2" atlasID="0" desc="" down="2" id="10" name="tileset" oid="-1" shared="false" th="40" tw="40">
        <tile collision="-1" data="" durations="100" frames="0" id="0" order="-1"/>
        <tile collision="-1" data="" durations="100" frames="1" id="1" order="-1"/>
        <tile collision="-1" data="" durations="100" frames="2" id="16" order="-1"/>
        <tile collision="-1" data="" durations="100" frames="3" id="17" order="-1"/>
    </tileset>
    <tileset across="2" atlasID="0" desc="" down="2" id="17" name="tileset2" oid="-1" shared="false" th="40" tw="40">
        <tile collision="0" data="" durations="100" frames="0" id="0" order="-1"/>
        <tile collision="-1" data="" durations="100" frames="1" id="1" order="-1"/>
        <tile collision="-1" data="" durations="100" frames="2" id="2" order="-1"/>
        <tile collision="-1" data="" durations="100" frames="3" id="3" order="-1"/>
    </tileset>
    <actor adamp="0.0" ascale="true" atlasID="0" bodytype="0" continuous="true" desc="" eventsnippetid="4" fixedrot="true" fric="0.2" gid="3" id="6" ignoreg="true" inertia="1.0" ldamp="0.0" mass="1.0" name="town" oid="-1" pausable="true" physicsMode="0" rest="0.0" shared="false" sprite="7" static="true">
        <snippets/>
    </actor>
    <sprite atlasID="0" default="0" defaultAnimation="0" desc="" height="39" id="7" name="town" shared="false" width="39">
        <anim across="3" down="3" durations="100,100,100,100,100,100,100,5000" height="117" id="0" loop="false" name="0" numframes="8" originx="19" originy="19" sync="false" version="2" width="117">
            <poly data="4,0,0,39,0,39,39,0,39" density="0.1" fric="0.2" gid="-1000" id="0" name="0" rest="0.0" sensor="true"/>
        </anim>
    </sprite>
</pack>
