<?xml version="1.0" encoding="UTF-8" standalone="no"?>
<scene depth="3" desc="" eventsnippetid="0" extheight="440" extwidth="440" extx="-40" exty="-40" format="3.4.0" gravx="-0.0" gravy="0.0" height="360" id="0" name="main" revision="" savecount="0" tiled="1" tileh="40" tilew="40" type="standard" width="320">
    <layers>
        <color-bg blue="255" green="255" red="255"/>
        <layer blendMode="normal" color="64,64,64" id="2" locked="false" name="Слой 2" opacity="100" order="2" scrollFactorX="1.0" scrollFactorY="1.0" visible="true"/>
        <layer blendMode="normal" color="0,255,0" id="1" locked="false" name="Слой 1" opacity="100" order="1" scrollFactorX="1.0" scrollFactorY="1.0" visible="true"/>
        <layer blendMode="normal" color="100,168,234" id="0" locked="false" name="Слой 0" opacity="100" order="0" scrollFactorX="1.0" scrollFactorY="1.0" visible="true"/>
    </layers>
    <joints/>
    <regions/>
    <terrainRegions/>
    <actors>
        <actor a="0.0" aid="1" c="false" group="3" id="19" name="solgblue 1" sx="1.0" sy="1.0" x="160" y="280" z="2"/>
        <actor a="0.0" aid="2" c="false" group="3" id="19" name="solgblue 2" sx="1.0" sy="1.0" x="200" y="280" z="2"/>
        <actor a="0.0" aid="3" c="false" group="3" id="19" name="solgblue 3" sx="1.0" sy="1.0" x="200" y="200" z="2"/>
        <actor a="0.0" aid="4" c="false" group="3" id="19" name="solgblue 4" sx="1.0" sy="1.0" x="80" y="160" z="2"/>
        <actor a="0.0" aid="5" c="false" group="3" id="19" name="solgblue 5" sx="1.0" sy="1.0" x="40" y="240" z="2"/>
        <actor a="0.0" aid="6" c="false" group="3" id="4" name="box 6" sx="1.0" sy="1.0" x="254" y="151" z="2"/>
        <actor a="0.0" aid="7" c="false" group="3" id="4" name="box 7" sx="1.0" sy="1.0" x="197" y="150" z="2"/>
        <actor a="0.0" aid="8" c="false" group="3" id="4" name="box 8" sx="1.0" sy="1.0" x="165" y="141" z="2"/>
        <actor a="0.0" aid="9" c="false" group="3" id="4" name="box 9" sx="1.0" sy="1.0" x="227" y="108" z="2"/>
        <actor a="0.0" aid="10" c="false" group="3" id="4" name="box 10" sx="1.0" sy="1.0" x="221" y="91" z="2"/>
        <actor a="0.0" aid="11" c="false" group="3" id="4" name="box 11" sx="1.0" sy="1.0" x="90" y="97" z="2"/>
        <actor a="0.0" aid="12" c="false" group="3" id="4" name="box 12" sx="1.0" sy="1.0" x="70" y="87" z="2"/>
        <actor a="0.0" aid="13" c="false" group="3" id="4" name="box 13" sx="1.0" sy="1.0" x="51" y="55" z="2"/>
        <actor a="0.0" aid="14" c="false" group="3" id="4" name="box 14" sx="1.0" sy="1.0" x="63" y="29" z="2"/>
        <actor a="0.0" aid="15" c="false" group="3" id="4" name="box 15" sx="1.0" sy="1.0" x="173" y="8" z="2"/>
        <actor a="0.0" aid="16" c="false" group="3" id="4" name="box 16" sx="1.0" sy="1.0" x="226" y="24" z="2"/>
        <actor a="0.0" aid="17" c="false" group="3" id="4" name="box 17" sx="1.0" sy="1.0" x="255" y="43" z="2"/>
        <actor a="0.0" aid="18" c="false" group="3" id="4" name="box 18" sx="1.0" sy="1.0" x="268" y="62" z="2"/>
        <actor a="0.0" aid="19" c="false" group="3" id="4" name="box 19" sx="1.0" sy="1.0" x="302" y="304" z="2"/>
        <actor a="0.0" aid="20" c="false" group="3" id="4" name="box 20" sx="1.0" sy="1.0" x="3" y="304" z="2"/>
    </actors>
    <snippets/>
    <terrain/>
    <atlases members="" retainAtlases="true"/>
</scene>
